ev,gop,dem,gopY,demY,gopPerc,demPerc,goptotal,demPerc.1
1,0.0,0.0,150.0,150.0,0.0,0.0,0.0,0.0
2,0.0,0.0,150.0,150.0,0.0,0.0,0.0,0.0
3,0.0,0.0,150.0,150.0,0.0,0.0,0.0,0.0
4,0.0,0.0,150.0,150.0,0.0,0.0,0.0,0.0
5,0.0,0.0,150.0,150.0,0.0,0.0,0.0,0.0
6,0.0,0.0,150.0,150.0,0.0,0.0,0.0,0.0
7,0.0,0.0,150.0,150.0,0.0,0.0,0.0,0.0
8,0.0,0.0,150.0,150.0,0.0,0.0,0.0,0.0
9,0.0,0.0,150.0,150.0,0.0,0.0,0.0,0.0
10,0.0,0.0,150.0,150.0,0.0,0.0,0.0,0.0
11,0.0,0.0,150.0,150.0,0.0,0.0,0.0,0.0
12,0.0,0.0,150.0,150.0,0.0,0.0,0.0,0.0
13,0.0,0.0,150.0,150.0,0.0,0.0,0.0,0.0
14,0.0,0.0,150.0,150.0,0.0,0.0,0.0,0.0
15,0.0,0.0,150.0,150.0,0.0,0.0,0.0,0.0
16,0.0,0.0,150.0,150.0,0.0,0.0,0.0,0.0
17,0.0,0.0,150.0,150.0,0.0,0.0,0.0,0.0
18,0.0,0.0,150.0,150.0,0.0,0.0,0.0,0.0
19,0.0,0.0,150.0,150.0,0.0,0.0,0.0,0.0
20,0.0,0.0,150.0,150.0,0.0,0.0,0.0,0.0
21,0.0,0.0,150.0,150.0,0.0,0.0,0.0,0.0
22,0.0,0.0,150.0,150.0,0.0,0.0,0.0,0.0
23,0.0,0.0,150.0,150.0,0.0,0.0,0.0,0.0
24,0.0,0.0,150.0,150.0,0.0,0.0,0.0,0.0
25,0.0,0.0,150.0,150.0,0.0,0.0,0.0,0.0
26,0.0,0.0,150.0,150.0,0.0,0.0,0.0,0.0
27,0.0,0.0,150.0,150.0,0.0,0.0,0.0,0.0
28,0.0,0.0,150.0,150.0,0.0,0.0,0.0,0.0
29,0.0,0.0,150.0,150.0,0.0,0.0,0.0,0.0
30,0.0,0.0,150.0,150.0,0.0,0.0,0.0,0.0
31,0.0,0.0,150.0,150.0,0.0,0.0,0.0,0.0
32,0.0,0.0,150.0,150.0,0.0,0.0,0.0,0.0
33,0.0,0.0,150.0,150.0,0.0,0.0,0.0,0.0
34,0.0,0.0,150.0,150.0,0.0,0.0,0.0,0.0
35,0.0,0.0,150.0,150.0,0.0,0.0,0.0,0.0
36,0.0,0.0,150.0,150.0,0.0,0.0,0.0,0.0
37,0.0,0.0,150.0,150.0,0.0,0.0,0.0,0.0
38,0.0,0.0,150.0,150.0,0.0,0.0,0.0,0.0
39,0.0,0.0,150.0,150.0,0.0,0.0,0.0,0.0
40,0.0,0.0,150.0,150.0,0.0,0.0,0.0,0.0
41,0.0,0.0,150.0,150.0,0.0,0.0,0.0,0.0
42,0.0,0.0,150.0,150.0,0.0,0.0,0.0,0.0
43,0.0,0.0,150.0,150.0,0.0,0.0,0.0,0.0
44,0.0,0.0,150.0,150.0,0.0,0.0,0.0,0.0
45,0.0,0.0,150.0,150.0,0.0,0.0,0.0,0.0
46,0.0,0.0,150.0,150.0,0.0,0.0,0.0,0.0
47,0.0,0.0,150.0,150.0,0.0,0.0,0.0,0.0
48,0.0,0.0,150.0,150.0,0.0,0.0,0.0,0.0
49,0.0,0.0,150.0,150.0,0.0,0.0,0.0,0.0
50,0.0,0.0,150.0,150.0,0.0,0.0,0.0,0.0
51,0.0,0.0,150.0,150.0,0.0,0.0,0.0,0.0
52,0.0,0.0,150.0,150.0,0.0,0.0,0.0,0.0
53,0.0,0.0,150.0,150.0,0.0,0.0,0.0,0.0
54,0.0,0.0,150.0,150.0,0.0,0.0,0.0,0.0
55,0.0,0.0,150.0,150.0,0.0,0.0,0.0,0.0
56,0.0,0.0,150.0,150.0,0.0,0.0,0.0,0.0
57,0.0,0.0,150.0,150.0,0.0,0.0,0.0,0.0
58,1.4285714285714286,1.4285714285714286,148.57142857142858,148.57142857142858,0.005,0.005,0.005,0.005
59,0.0,1.4285714285714286,150.0,148.57142857142858,0.0,0.005,0.005,0.01
60,0.0,0.0,150.0,150.0,0.0,0.0,0.005,0.01
61,0.0,0.0,150.0,150.0,0.0,0.0,0.005,0.01
62,1.4285714285714286,0.0,148.57142857142858,150.0,0.005,0.0,0.01,0.01
63,1.4285714285714286,0.0,148.57142857142858,150.0,0.005,0.0,0.015,0.01
64,0.0,0.0,150.0,150.0,0.0,0.0,0.015,0.01
65,1.4285714285714286,1.4285714285714286,148.57142857142858,148.57142857142858,0.005,0.005,0.02,0.015
66,0.0,0.0,150.0,150.0,0.0,0.0,0.02,0.015
67,0.0,0.0,150.0,150.0,0.0,0.0,0.02,0.015
68,1.4285714285714286,0.0,148.57142857142858,150.0,0.005,0.0,0.025,0.015
69,4.285714285714285,0.0,145.71428571428572,150.0,0.015,0.0,0.04,0.015
70,2.857142857142857,0.0,147.14285714285714,150.0,0.01,0.0,0.05,0.015
71,0.0,0.0,150.0,150.0,0.0,0.0,0.05,0.015
72,1.4285714285714286,0.0,148.57142857142858,150.0,0.005,0.0,0.055,0.015
73,1.4285714285714286,0.0,148.57142857142858,150.0,0.005,0.0,0.06,0.015
74,4.285714285714285,1.4285714285714286,145.71428571428572,148.57142857142858,0.015,0.005,0.075,0.02
75,1.4285714285714286,1.4285714285714286,148.57142857142858,148.57142857142858,0.005,0.005,0.08,0.025
76,5.714285714285714,0.0,144.28571428571428,150.0,0.02,0.0,0.1,0.025
77,5.714285714285714,0.0,144.28571428571428,150.0,0.02,0.0,0.12000000000000001,0.025
78,4.285714285714285,0.0,145.71428571428572,150.0,0.015,0.0,0.135,0.025
79,8.57142857142857,0.0,141.42857142857144,150.0,0.03,0.0,0.165,0.025
80,14.285714285714285,0.0,135.71428571428572,150.0,0.05,0.0,0.21500000000000002,0.025
81,9.999999999999998,1.4285714285714286,140.0,148.57142857142858,0.034999999999999996,0.005,0.25,0.030000000000000002
82,17.14285714285714,0.0,132.85714285714286,150.0,0.06,0.0,0.31,0.030000000000000002
83,22.857142857142858,1.4285714285714286,127.14285714285714,148.57142857142858,0.08,0.005,0.39,0.035
84,17.14285714285714,1.4285714285714286,132.85714285714286,148.57142857142858,0.06,0.005,0.45,0.04
85,11.428571428571429,4.285714285714285,138.57142857142858,145.71428571428572,0.04,0.015,0.49,0.055
86,18.57142857142857,1.4285714285714286,131.42857142857144,148.57142857142858,0.065,0.005,0.5549999999999999,0.06
87,15.714285714285714,1.4285714285714286,134.28571428571428,148.57142857142858,0.055,0.005,0.61,0.065
88,25.71428571428571,2.857142857142857,124.28571428571429,147.14285714285714,0.09,0.01,0.7,0.075
89,27.14285714285714,0.0,122.85714285714286,150.0,0.095,0.0,0.7949999999999999,0.075
90,32.857142857142854,2.857142857142857,117.14285714285714,147.14285714285714,0.11499999999999999,0.01,0.9099999999999999,0.08499999999999999
91,32.857142857142854,1.4285714285714286,117.14285714285714,148.57142857142858,0.11499999999999999,0.005,1.025,0.09
92,52.857142857142854,1.4285714285714286,97.14285714285714,148.57142857142858,0.185,0.005,1.21,0.095
93,35.714285714285715,5.714285714285714,114.28571428571428,144.28571428571428,0.125,0.02,1.335,0.115
94,28.57142857142857,4.285714285714285,121.42857142857143,145.71428571428572,0.1,0.015,1.435,0.13
95,35.714285714285715,0.0,114.28571428571428,150.0,0.125,0.0,1.56,0.13
96,45.714285714285715,2.857142857142857,104.28571428571428,147.14285714285714,0.16,0.01,1.72,0.14
97,58.57142857142857,1.4285714285714286,91.42857142857143,148.57142857142858,0.20500000000000002,0.005,1.925,0.14500000000000002
98,45.714285714285715,2.857142857142857,104.28571428571428,147.14285714285714,0.16,0.01,2.085,0.15500000000000003
99,45.714285714285715,4.285714285714285,104.28571428571428,145.71428571428572,0.16,0.015,2.245,0.17000000000000004
100,42.857142857142854,7.142857142857142,107.14285714285714,142.85714285714286,0.15,0.025,2.395,0.19500000000000003
101,61.42857142857142,7.142857142857142,88.57142857142858,142.85714285714286,0.215,0.025,2.61,0.22000000000000003
102,79.99999999999999,5.714285714285714,70.00000000000001,144.28571428571428,0.27999999999999997,0.02,2.8899999999999997,0.24000000000000002
103,65.71428571428571,1.4285714285714286,84.28571428571429,148.57142857142858,0.22999999999999998,0.005,3.1199999999999997,0.24500000000000002
104,61.42857142857142,0.0,88.57142857142858,150.0,0.215,0.0,3.3349999999999995,0.24500000000000002
105,87.14285714285714,4.285714285714285,62.85714285714286,145.71428571428572,0.305,0.015,3.6399999999999997,0.26
106,68.57142857142856,9.999999999999998,81.42857142857144,140.0,0.24,0.034999999999999996,3.88,0.295
107,89.99999999999999,7.142857142857142,60.000000000000014,142.85714285714286,0.315,0.025,4.195,0.32
108,84.28571428571428,11.428571428571429,65.71428571428572,138.57142857142858,0.295,0.04,4.49,0.36
109,54.28571428571428,12.857142857142856,95.71428571428572,137.14285714285714,0.19,0.045,4.680000000000001,0.40499999999999997
110,110.0,5.714285714285714,40.0,144.28571428571428,0.385,0.02,5.065,0.425
111,78.57142857142856,9.999999999999998,71.42857142857144,140.0,0.27499999999999997,0.034999999999999996,5.340000000000001,0.45999999999999996
112,78.57142857142856,14.285714285714285,71.42857142857144,135.71428571428572,0.27499999999999997,0.05,5.615000000000001,0.51
113,107.14285714285712,5.714285714285714,42.857142857142875,144.28571428571428,0.375,0.02,5.990000000000001,0.53
114,82.85714285714285,11.428571428571429,67.14285714285715,138.57142857142858,0.29,0.04,6.280000000000001,0.5700000000000001
115,77.14285714285714,8.57142857142857,72.85714285714286,141.42857142857144,0.27,0.03,6.550000000000001,0.6000000000000001
116,145.71428571428572,19.999999999999996,4.285714285714278,130.0,0.51,0.06999999999999999,7.0600000000000005,0.67
117,55.71428571428571,7.142857142857142,94.28571428571429,142.85714285714286,0.19499999999999998,0.025,7.255000000000001,0.6950000000000001
118,59.99999999999999,8.57142857142857,90.0,141.42857142857144,0.21,0.03,7.465000000000001,0.7250000000000001
119,77.14285714285714,21.428571428571427,72.85714285714286,128.57142857142858,0.27,0.075,7.735000000000001,0.8
120,51.42857142857142,24.28571428571428,98.57142857142858,125.71428571428572,0.18,0.08499999999999999,7.915000000000001,0.885
121,61.42857142857142,7.142857142857142,88.57142857142858,142.85714285714286,0.215,0.025,8.13,0.91
122,128.57142857142856,19.999999999999996,21.428571428571445,130.0,0.44999999999999996,0.06999999999999999,8.58,0.98
123,84.28571428571428,28.57142857142857,65.71428571428572,121.42857142857143,0.295,0.1,8.875,1.08
124,69.99999999999999,18.57142857142857,80.00000000000001,131.42857142857144,0.245,0.065,9.12,1.145
125,148.57142857142856,17.14285714285714,1.4285714285714448,132.85714285714286,0.52,0.06,9.639999999999999,1.205
126,79.99999999999999,35.714285714285715,70.00000000000001,114.28571428571428,0.27999999999999997,0.125,9.919999999999998,1.33
127,79.99999999999999,24.28571428571428,70.00000000000001,125.71428571428572,0.27999999999999997,0.08499999999999999,10.199999999999998,1.415
128,65.71428571428571,17.14285714285714,84.28571428571429,132.85714285714286,0.22999999999999998,0.06,10.429999999999998,1.475
129,74.28571428571428,29.999999999999996,75.71428571428572,120.0,0.26,0.105,10.689999999999998,1.58
130,59.99999999999999,42.857142857142854,90.0,107.14285714285714,0.21,0.15,10.899999999999999,1.73
131,102.85714285714285,34.28571428571428,47.14285714285715,115.71428571428572,0.36,0.12,11.259999999999998,1.85
132,115.7142857142857,37.14285714285714,34.285714285714306,112.85714285714286,0.40499999999999997,0.13,11.664999999999997,1.98
133,57.14285714285714,39.99999999999999,92.85714285714286,110.0,0.2,0.13999999999999999,11.864999999999997,2.12
134,72.85714285714286,28.57142857142857,77.14285714285714,121.42857142857143,0.255,0.1,12.119999999999997,2.22
135,79.99999999999999,35.714285714285715,70.00000000000001,114.28571428571428,0.27999999999999997,0.125,12.399999999999997,2.345
136,75.71428571428571,39.99999999999999,74.28571428571429,110.0,0.265,0.13999999999999999,12.664999999999997,2.4850000000000003
137,77.14285714285714,28.57142857142857,72.85714285714286,121.42857142857143,0.27,0.1,12.934999999999997,2.5850000000000004
138,69.99999999999999,39.99999999999999,80.00000000000001,110.0,0.245,0.13999999999999999,13.179999999999996,2.7250000000000005
139,65.71428571428571,68.57142857142856,84.28571428571429,81.42857142857144,0.22999999999999998,0.24,13.409999999999997,2.9650000000000007
140,107.14285714285712,47.14285714285714,42.857142857142875,102.85714285714286,0.375,0.165,13.784999999999997,3.130000000000001
141,101.42857142857143,51.42857142857142,48.57142857142857,98.57142857142858,0.35500000000000004,0.18,14.139999999999997,3.310000000000001
142,77.14285714285714,59.99999999999999,72.85714285714286,90.0,0.27,0.21,14.409999999999997,3.520000000000001
143,97.14285714285712,58.57142857142857,52.857142857142875,91.42857142857143,0.33999999999999997,0.20500000000000002,14.749999999999996,3.725000000000001
144,105.71428571428571,51.42857142857142,44.28571428571429,98.57142857142858,0.37,0.18,15.119999999999996,3.905000000000001
145,68.57142857142856,48.57142857142856,81.42857142857144,101.42857142857144,0.24,0.16999999999999998,15.359999999999996,4.075000000000001
146,79.99999999999999,54.28571428571428,70.00000000000001,95.71428571428572,0.27999999999999997,0.19,15.639999999999995,4.2650000000000015
147,117.14285714285714,55.71428571428571,32.85714285714286,94.28571428571429,0.41000000000000003,0.19499999999999998,16.049999999999994,4.460000000000002
148,72.85714285714286,85.71428571428571,77.14285714285714,64.28571428571429,0.255,0.3,16.304999999999993,4.760000000000002
149,81.42857142857143,79.99999999999999,68.57142857142857,70.00000000000001,0.28500000000000003,0.27999999999999997,16.589999999999993,5.040000000000002
150,94.28571428571428,75.71428571428571,55.71428571428572,74.28571428571429,0.33,0.265,16.91999999999999,5.3050000000000015
151,94.28571428571428,68.57142857142856,55.71428571428572,81.42857142857144,0.33,0.24,17.24999999999999,5.545000000000002
152,81.42857142857143,75.71428571428571,68.57142857142857,74.28571428571429,0.28500000000000003,0.265,17.53499999999999,5.810000000000001
153,69.99999999999999,88.57142857142856,80.00000000000001,61.428571428571445,0.245,0.31,17.77999999999999,6.120000000000001
154,131.42857142857142,87.14285714285714,18.571428571428584,62.85714285714286,0.45999999999999996,0.305,18.23999999999999,6.425000000000001
155,65.71428571428571,74.28571428571428,84.28571428571429,75.71428571428572,0.22999999999999998,0.26,18.46999999999999,6.6850000000000005
156,72.85714285714286,107.14285714285712,77.14285714285714,42.857142857142875,0.255,0.375,18.72499999999999,7.0600000000000005
157,124.28571428571426,100.0,25.714285714285737,50.0,0.43499999999999994,0.35000000000000003,19.15999999999999,7.41
158,75.71428571428571,67.14285714285714,74.28571428571429,82.85714285714286,0.265,0.23500000000000001,19.42499999999999,7.6450000000000005
159,85.71428571428571,104.28571428571428,64.28571428571429,45.71428571428572,0.3,0.365,19.72499999999999,8.01
160,147.14285714285714,79.99999999999999,2.857142857142861,70.00000000000001,0.515,0.27999999999999997,20.23999999999999,8.29
161,79.99999999999999,101.42857142857143,70.00000000000001,48.57142857142857,0.27999999999999997,0.35500000000000004,20.519999999999992,8.645
162,84.28571428571428,101.42857142857143,65.71428571428572,48.57142857142857,0.295,0.35500000000000004,20.814999999999994,9.0
163,144.28571428571428,117.14285714285714,5.714285714285722,32.85714285714286,0.505,0.41000000000000003,21.319999999999993,9.41
164,87.14285714285714,135.7142857142857,62.85714285714286,14.285714285714306,0.305,0.475,21.624999999999993,9.885
165,67.14285714285714,82.85714285714285,82.85714285714286,67.14285714285715,0.23500000000000001,0.29,21.859999999999992,10.174999999999999
166,59.99999999999999,112.85714285714286,90.0,37.14285714285714,0.21,0.395,22.069999999999993,10.569999999999999
167,71.42857142857143,102.85714285714285,78.57142857142857,47.14285714285715,0.25,0.36,22.319999999999993,10.929999999999998
168,68.57142857142856,111.42857142857142,81.42857142857144,38.571428571428584,0.24,0.38999999999999996,22.55999999999999,11.319999999999999
169,114.28571428571428,111.42857142857142,35.71428571428572,38.571428571428584,0.4,0.38999999999999996,22.95999999999999,11.709999999999999
170,119.99999999999999,87.14285714285714,30.000000000000014,62.85714285714286,0.42,0.305,23.379999999999992,12.014999999999999
171,88.57142857142856,105.71428571428571,61.428571428571445,44.28571428571429,0.31,0.37,23.68999999999999,12.384999999999998
172,89.99999999999999,104.28571428571428,60.000000000000014,45.71428571428572,0.315,0.365,24.004999999999992,12.749999999999998
173,61.42857142857142,119.99999999999999,88.57142857142858,30.000000000000014,0.215,0.42,24.21999999999999,13.169999999999998
174,69.99999999999999,119.99999999999999,80.00000000000001,30.000000000000014,0.245,0.42,24.464999999999993,13.589999999999998
175,101.42857142857143,105.71428571428571,48.57142857142857,44.28571428571429,0.35500000000000004,0.37,24.819999999999993,13.959999999999997
176,104.28571428571428,150.0,45.71428571428572,0.0,0.365,0.525,25.18499999999999,14.484999999999998
177,55.71428571428571,98.57142857142856,94.28571428571429,51.428571428571445,0.19499999999999998,0.345,25.379999999999992,14.829999999999998
178,79.99999999999999,144.28571428571428,70.00000000000001,5.714285714285722,0.27999999999999997,0.505,25.659999999999993,15.334999999999999
179,101.42857142857143,107.14285714285712,48.57142857142857,42.857142857142875,0.35500000000000004,0.375,26.014999999999993,15.709999999999999
180,97.14285714285712,114.28571428571428,52.857142857142875,35.71428571428572,0.33999999999999997,0.4,26.354999999999993,16.11
181,130.0,110.0,20.0,40.0,0.455,0.385,26.80999999999999,16.495
182,92.85714285714285,107.14285714285712,57.14285714285715,42.857142857142875,0.325,0.375,27.13499999999999,16.87
183,69.99999999999999,145.71428571428572,80.00000000000001,4.285714285714278,0.245,0.51,27.379999999999992,17.380000000000003
184,68.57142857142856,111.42857142857142,81.42857142857144,38.571428571428584,0.24,0.38999999999999996,27.61999999999999,17.770000000000003
185,82.85714285714285,122.85714285714285,67.14285714285715,27.142857142857153,0.29,0.43,27.90999999999999,18.200000000000003
186,87.14285714285714,114.28571428571428,62.85714285714286,35.71428571428572,0.305,0.4,28.21499999999999,18.6
187,94.28571428571428,110.0,55.71428571428572,40.0,0.33,0.385,28.544999999999987,18.985000000000003
188,89.99999999999999,130.0,60.000000000000014,20.0,0.315,0.455,28.85999999999999,19.44
189,91.42857142857143,122.85714285714285,58.57142857142857,27.142857142857153,0.32,0.43,29.17999999999999,19.87
190,69.99999999999999,112.85714285714286,80.00000000000001,37.14285714285714,0.245,0.395,29.42499999999999,20.265
191,91.42857142857143,118.57142857142856,58.57142857142857,31.428571428571445,0.32,0.415,29.74499999999999,20.68
192,108.57142857142856,139.99999999999997,41.428571428571445,10.000000000000028,0.38,0.49,30.12499999999999,21.169999999999998
193,54.28571428571428,125.71428571428571,95.71428571428572,24.285714285714292,0.19,0.44,30.31499999999999,21.61
194,85.71428571428571,139.99999999999997,64.28571428571429,10.000000000000028,0.3,0.49,30.61499999999999,22.099999999999998
195,78.57142857142856,91.42857142857143,71.42857142857144,58.57142857142857,0.27499999999999997,0.32,30.88999999999999,22.419999999999998
196,88.57142857142856,104.28571428571428,61.428571428571445,45.71428571428572,0.31,0.365,31.19999999999999,22.784999999999997
197,88.57142857142856,134.28571428571428,61.428571428571445,15.714285714285722,0.31,0.47000000000000003,31.509999999999987,23.254999999999995
198,112.85714285714286,115.7142857142857,37.14285714285714,34.285714285714306,0.395,0.40499999999999997,31.904999999999987,23.659999999999997
199,64.28571428571428,125.71428571428571,85.71428571428572,24.285714285714292,0.22499999999999998,0.44,32.12999999999999,24.099999999999998
200,91.42857142857143,138.57142857142856,58.57142857142857,11.428571428571445,0.32,0.485,32.44999999999999,24.584999999999997
201,79.99999999999999,132.85714285714283,70.00000000000001,17.142857142857167,0.27999999999999997,0.46499999999999997,32.72999999999999,25.049999999999997
202,55.71428571428571,111.42857142857142,94.28571428571429,38.571428571428584,0.19499999999999998,0.38999999999999996,32.92499999999999,25.439999999999998
203,97.14285714285712,121.42857142857143,52.857142857142875,28.57142857142857,0.33999999999999997,0.42500000000000004,33.26499999999999,25.865
204,97.14285714285712,119.99999999999999,52.857142857142875,30.000000000000014,0.33999999999999997,0.42,33.605,26.285
205,71.42857142857143,114.28571428571428,78.57142857142857,35.71428571428572,0.25,0.4,33.855,26.685
206,75.71428571428571,95.71428571428571,74.28571428571429,54.28571428571429,0.265,0.335,34.12,27.02
207,85.71428571428571,131.42857142857142,64.28571428571429,18.571428571428584,0.3,0.45999999999999996,34.419999999999995,27.48
208,81.42857142857143,91.42857142857143,68.57142857142857,58.57142857142857,0.28500000000000003,0.32,34.70499999999999,27.8
209,107.14285714285712,130.0,42.857142857142875,20.0,0.375,0.455,35.07999999999999,28.255
210,88.57142857142856,95.71428571428571,61.428571428571445,54.28571428571429,0.31,0.335,35.38999999999999,28.59
211,58.57142857142857,89.99999999999999,91.42857142857143,60.000000000000014,0.20500000000000002,0.315,35.59499999999999,28.905
212,81.42857142857143,100.0,68.57142857142857,50.0,0.28500000000000003,0.35000000000000003,35.87999999999999,29.255000000000003
213,94.28571428571428,115.7142857142857,55.71428571428572,34.285714285714306,0.33,0.40499999999999997,36.20999999999999,29.660000000000004
214,100.0,130.0,50.0,20.0,0.35000000000000003,0.455,36.55999999999999,30.115000000000002
215,117.14285714285714,97.14285714285712,32.85714285714286,52.857142857142875,0.41000000000000003,0.33999999999999997,36.969999999999985,30.455000000000002
216,87.14285714285714,104.28571428571428,62.85714285714286,45.71428571428572,0.305,0.365,37.274999999999984,30.82
217,81.42857142857143,117.14285714285714,68.57142857142857,32.85714285714286,0.28500000000000003,0.41000000000000003,37.55999999999998,31.23
218,79.99999999999999,97.14285714285712,70.00000000000001,52.857142857142875,0.27999999999999997,0.33999999999999997,37.83999999999998,31.57
219,95.71428571428571,114.28571428571428,54.28571428571429,35.71428571428572,0.335,0.4,38.17499999999998,31.97
220,69.99999999999999,102.85714285714285,80.00000000000001,47.14285714285715,0.245,0.36,38.41999999999998,32.33
221,71.42857142857143,95.71428571428571,78.57142857142857,54.28571428571429,0.25,0.335,38.66999999999998,32.665
222,82.85714285714285,112.85714285714286,67.14285714285715,37.14285714285714,0.29,0.395,38.95999999999998,33.06
223,95.71428571428571,107.14285714285712,54.28571428571429,42.857142857142875,0.335,0.375,39.29499999999998,33.435
224,94.28571428571428,91.42857142857143,55.71428571428572,58.57142857142857,0.33,0.32,39.62499999999998,33.755
225,84.28571428571428,77.14285714285714,65.71428571428572,72.85714285714286,0.295,0.27,39.91999999999998,34.025000000000006
226,87.14285714285714,94.28571428571428,62.85714285714286,55.71428571428572,0.305,0.33,40.22499999999998,34.355000000000004
227,71.42857142857143,85.71428571428571,78.57142857142857,64.28571428571429,0.25,0.3,40.47499999999998,34.655
228,85.71428571428571,82.85714285714285,64.28571428571429,67.14285714285715,0.3,0.29,40.77499999999998,34.945
229,55.71428571428571,102.85714285714285,94.28571428571429,47.14285714285715,0.19499999999999998,0.36,40.96999999999998,35.305
230,81.42857142857143,94.28571428571428,68.57142857142857,55.71428571428572,0.28500000000000003,0.33,41.254999999999974,35.635
231,101.42857142857143,87.14285714285714,48.57142857142857,62.85714285714286,0.35500000000000004,0.305,41.60999999999997,35.94
232,78.57142857142856,107.14285714285712,71.42857142857144,42.857142857142875,0.27499999999999997,0.375,41.88499999999997,36.315
233,77.14285714285714,105.71428571428571,72.85714285714286,44.28571428571429,0.27,0.37,42.15499999999997,36.684999999999995
234,72.85714285714286,81.42857142857143,77.14285714285714,68.57142857142857,0.255,0.28500000000000003,42.409999999999975,36.96999999999999
235,115.7142857142857,82.85714285714285,34.285714285714306,67.14285714285715,0.40499999999999997,0.29,42.814999999999976,37.25999999999999
236,77.14285714285714,102.85714285714285,72.85714285714286,47.14285714285715,0.27,0.36,43.08499999999998,37.61999999999999
237,77.14285714285714,110.0,72.85714285714286,40.0,0.27,0.385,43.35499999999998,38.00499999999999
238,82.85714285714285,117.14285714285714,67.14285714285715,32.85714285714286,0.29,0.41000000000000003,43.64499999999998,38.414999999999985
239,82.85714285714285,68.57142857142856,67.14285714285715,81.42857142857144,0.29,0.24,43.93499999999998,38.65499999999999
240,87.14285714285714,114.28571428571428,62.85714285714286,35.71428571428572,0.305,0.4,44.23999999999998,39.054999999999986
241,84.28571428571428,79.99999999999999,65.71428571428572,70.00000000000001,0.295,0.27999999999999997,44.53499999999998,39.33499999999999
242,78.57142857142856,107.14285714285712,71.42857142857144,42.857142857142875,0.27499999999999997,0.375,44.80999999999998,39.70999999999999
243,75.71428571428571,95.71428571428571,74.28571428571429,54.28571428571429,0.265,0.335,45.07499999999998,40.04499999999999
244,101.42857142857143,82.85714285714285,48.57142857142857,67.14285714285715,0.35500000000000004,0.29,45.42999999999998,40.33499999999999
245,84.28571428571428,92.85714285714285,65.71428571428572,57.14285714285715,0.295,0.325,45.72499999999998,40.65999999999999
246,67.14285714285714,72.85714285714286,82.85714285714286,77.14285714285714,0.23500000000000001,0.255,45.95999999999998,40.91499999999999
247,78.57142857142856,82.85714285714285,71.42857142857144,67.14285714285715,0.27499999999999997,0.29,46.23499999999998,41.20499999999999
248,84.28571428571428,108.57142857142856,65.71428571428572,41.428571428571445,0.295,0.38,46.52999999999998,41.584999999999994
249,71.42857142857143,82.85714285714285,78.57142857142857,67.14285714285715,0.25,0.29,46.77999999999998,41.87499999999999
250,62.857142857142854,91.42857142857143,87.14285714285714,58.57142857142857,0.22,0.32,46.99999999999998,42.19499999999999
251,88.57142857142856,81.42857142857143,61.428571428571445,68.57142857142857,0.31,0.28500000000000003,47.30999999999998,42.47999999999999
252,89.99999999999999,71.42857142857143,60.000000000000014,78.57142857142857,0.315,0.25,47.62499999999998,42.72999999999999
253,79.99999999999999,87.14285714285714,70.00000000000001,62.85714285714286,0.27999999999999997,0.305,47.90499999999998,43.03499999999999
254,82.85714285714285,104.28571428571428,67.14285714285715,45.71428571428572,0.29,0.365,48.19499999999998,43.39999999999999
255,84.28571428571428,92.85714285714285,65.71428571428572,57.14285714285715,0.295,0.325,48.48999999999998,43.724999999999994
256,68.57142857142856,79.99999999999999,81.42857142857144,70.00000000000001,0.24,0.27999999999999997,48.72999999999998,44.004999999999995
257,87.14285714285714,101.42857142857143,62.85714285714286,48.57142857142857,0.305,0.35500000000000004,49.03499999999998,44.35999999999999
258,78.57142857142856,108.57142857142856,71.42857142857144,41.428571428571445,0.27499999999999997,0.38,49.30999999999998,44.739999999999995
259,91.42857142857143,81.42857142857143,58.57142857142857,68.57142857142857,0.32,0.28500000000000003,49.62999999999998,45.02499999999999
260,79.99999999999999,88.57142857142856,70.00000000000001,61.428571428571445,0.27999999999999997,0.31,49.90999999999998,45.334999999999994
261,67.14285714285714,62.857142857142854,82.85714285714286,87.14285714285714,0.23500000000000001,0.22,50.14499999999998,45.55499999999999
262,71.42857142857143,79.99999999999999,78.57142857142857,70.00000000000001,0.25,0.27999999999999997,50.39499999999998,45.834999999999994
263,72.85714285714286,82.85714285714285,77.14285714285714,67.14285714285715,0.255,0.29,50.649999999999984,46.12499999999999
264,75.71428571428571,102.85714285714285,74.28571428571429,47.14285714285715,0.265,0.36,50.914999999999985,46.48499999999999
265,92.85714285714285,78.57142857142856,57.14285714285715,71.42857142857144,0.325,0.27499999999999997,51.23999999999999,46.75999999999999
266,64.28571428571428,81.42857142857143,85.71428571428572,68.57142857142857,0.22499999999999998,0.28500000000000003,51.46499999999999,47.04499999999999
267,85.71428571428571,79.99999999999999,64.28571428571429,70.00000000000001,0.3,0.27999999999999997,51.764999999999986,47.32499999999999
268,67.14285714285714,100.0,82.85714285714286,50.0,0.23500000000000001,0.35000000000000003,51.999999999999986,47.67499999999999
269,92.85714285714285,92.85714285714285,57.14285714285715,57.14285714285715,0.325,0.325,52.32499999999999,47.99999999999999
270,100.0,67.14285714285714,50.0,82.85714285714286,0.35000000000000003,0.23500000000000001,52.67499999999999,48.23499999999999
271,79.99999999999999,85.71428571428571,70.00000000000001,64.28571428571429,0.27999999999999997,0.3,52.95499999999999,48.53499999999999
272,81.42857142857143,64.28571428571428,68.57142857142857,85.71428571428572,0.28500000000000003,0.22499999999999998,53.23999999999999,48.75999999999999
273,78.57142857142856,92.85714285714285,71.42857142857144,57.14285714285715,0.27499999999999997,0.325,53.514999999999986,49.084999999999994
274,102.85714285714285,75.71428571428571,47.14285714285715,74.28571428571429,0.36,0.265,53.874999999999986,49.349999999999994
275,82.85714285714285,72.85714285714286,67.14285714285715,77.14285714285714,0.29,0.255,54.164999999999985,49.605
276,79.99999999999999,71.42857142857143,70.00000000000001,78.57142857142857,0.27999999999999997,0.25,54.444999999999986,49.855
277,62.857142857142854,67.14285714285714,87.14285714285714,82.85714285714286,0.22,0.23500000000000001,54.664999999999985,50.089999999999996
278,88.57142857142856,79.99999999999999,61.428571428571445,70.00000000000001,0.31,0.27999999999999997,54.97499999999999,50.37
279,81.42857142857143,91.42857142857143,68.57142857142857,58.57142857142857,0.28500000000000003,0.32,55.259999999999984,50.69
280,108.57142857142856,78.57142857142856,41.428571428571445,71.42857142857144,0.38,0.27499999999999997,55.639999999999986,50.964999999999996
281,101.42857142857143,87.14285714285714,48.57142857142857,62.85714285714286,0.35500000000000004,0.305,55.99499999999998,51.269999999999996
282,79.99999999999999,68.57142857142856,70.00000000000001,81.42857142857144,0.27999999999999997,0.24,56.274999999999984,51.51
283,92.85714285714285,84.28571428571428,57.14285714285715,65.71428571428572,0.325,0.295,56.59999999999999,51.805
284,104.28571428571428,82.85714285714285,45.71428571428572,67.14285714285715,0.365,0.29,56.96499999999999,52.095
285,87.14285714285714,79.99999999999999,62.85714285714286,70.00000000000001,0.305,0.27999999999999997,57.26999999999999,52.375
286,71.42857142857143,89.99999999999999,78.57142857142857,60.000000000000014,0.25,0.315,57.51999999999999,52.69
287,81.42857142857143,88.57142857142856,68.57142857142857,61.428571428571445,0.28500000000000003,0.31,57.804999999999986,53.0
288,91.42857142857143,62.857142857142854,58.57142857142857,87.14285714285714,0.32,0.22,58.124999999999986,53.22
289,82.85714285714285,71.42857142857143,67.14285714285715,78.57142857142857,0.29,0.25,58.414999999999985,53.47
290,108.57142857142856,84.28571428571428,41.428571428571445,65.71428571428572,0.38,0.295,58.79499999999999,53.765
291,82.85714285714285,78.57142857142856,67.14285714285715,71.42857142857144,0.29,0.27499999999999997,59.08499999999999,54.04
292,72.85714285714286,67.14285714285714,77.14285714285714,82.85714285714286,0.255,0.23500000000000001,59.33999999999999,54.275
293,92.85714285714285,84.28571428571428,57.14285714285715,65.71428571428572,0.325,0.295,59.66499999999999,54.57
294,82.85714285714285,101.42857142857143,67.14285714285715,48.57142857142857,0.29,0.35500000000000004,59.95499999999999,54.925
295,95.71428571428571,75.71428571428571,54.28571428571429,74.28571428571429,0.335,0.265,60.28999999999999,55.19
296,107.14285714285712,78.57142857142856,42.857142857142875,71.42857142857144,0.375,0.27499999999999997,60.66499999999999,55.464999999999996
297,79.99999999999999,84.28571428571428,70.00000000000001,65.71428571428572,0.27999999999999997,0.295,60.94499999999999,55.76
298,114.28571428571428,87.14285714285714,35.71428571428572,62.85714285714286,0.4,0.305,61.34499999999999,56.065
299,68.57142857142856,82.85714285714285,81.42857142857144,67.14285714285715,0.24,0.29,61.584999999999994,56.355
300,117.14285714285714,82.85714285714285,32.85714285714286,67.14285714285715,0.41000000000000003,0.29,61.99499999999999,56.644999999999996
301,110.0,77.14285714285714,40.0,72.85714285714286,0.385,0.27,62.37999999999999,56.915
302,102.85714285714285,77.14285714285714,47.14285714285715,72.85714285714286,0.36,0.27,62.73999999999999,57.185
303,82.85714285714285,115.7142857142857,67.14285714285715,34.285714285714306,0.29,0.40499999999999997,63.02999999999999,57.59
304,81.42857142857143,72.85714285714286,68.57142857142857,77.14285714285714,0.28500000000000003,0.255,63.31499999999998,57.845000000000006
305,105.71428571428571,77.14285714285714,44.28571428571429,72.85714285714286,0.37,0.27,63.68499999999998,58.11500000000001
306,107.14285714285712,78.57142857142856,42.857142857142875,71.42857142857144,0.375,0.27499999999999997,64.05999999999997,58.39000000000001
307,87.14285714285714,101.42857142857143,62.85714285714286,48.57142857142857,0.305,0.35500000000000004,64.36499999999998,58.745000000000005
308,94.28571428571428,81.42857142857143,55.71428571428572,68.57142857142857,0.33,0.28500000000000003,64.69499999999998,59.03
309,102.85714285714285,55.71428571428571,47.14285714285715,94.28571428571429,0.36,0.19499999999999998,65.05499999999998,59.225
310,82.85714285714285,85.71428571428571,67.14285714285715,64.28571428571429,0.29,0.3,65.34499999999998,59.525
311,85.71428571428571,71.42857142857143,64.28571428571429,78.57142857142857,0.3,0.25,65.64499999999998,59.775
312,94.28571428571428,87.14285714285714,55.71428571428572,62.85714285714286,0.33,0.305,65.97499999999998,60.08
313,77.14285714285714,84.28571428571428,72.85714285714286,65.71428571428572,0.27,0.295,66.24499999999998,60.375
314,91.42857142857143,94.28571428571428,58.57142857142857,55.71428571428572,0.32,0.33,66.56499999999997,60.705
315,107.14285714285712,95.71428571428571,42.857142857142875,54.28571428571429,0.375,0.335,66.93999999999997,61.04
316,112.85714285714286,82.85714285714285,37.14285714285714,67.14285714285715,0.395,0.29,67.33499999999997,61.33
317,95.71428571428571,71.42857142857143,54.28571428571429,78.57142857142857,0.335,0.25,67.66999999999996,61.58
318,102.85714285714285,69.99999999999999,47.14285714285715,80.00000000000001,0.36,0.245,68.02999999999996,61.824999999999996
319,114.28571428571428,95.71428571428571,35.71428571428572,54.28571428571429,0.4,0.335,68.42999999999996,62.16
320,97.14285714285712,79.99999999999999,52.857142857142875,70.00000000000001,0.33999999999999997,0.27999999999999997,68.76999999999997,62.44
321,117.14285714285714,81.42857142857143,32.85714285714286,68.57142857142857,0.41000000000000003,0.28500000000000003,69.17999999999996,62.724999999999994
322,104.28571428571428,87.14285714285714,45.71428571428572,62.85714285714286,0.365,0.305,69.54499999999996,63.029999999999994
323,97.14285714285712,117.14285714285714,52.857142857142875,32.85714285714286,0.33999999999999997,0.41000000000000003,69.88499999999996,63.43999999999999
324,130.0,100.0,20.0,50.0,0.455,0.35000000000000003,70.33999999999996,63.78999999999999
325,115.7142857142857,94.28571428571428,34.285714285714306,55.71428571428572,0.40499999999999997,0.33,70.74499999999996,64.11999999999999
326,100.0,81.42857142857143,50.0,68.57142857142857,0.35000000000000003,0.28500000000000003,71.09499999999996,64.40499999999999
327,89.99999999999999,58.57142857142857,60.000000000000014,91.42857142857143,0.315,0.20500000000000002,71.40999999999995,64.60999999999999
328,95.71428571428571,88.57142857142856,54.28571428571429,61.428571428571445,0.335,0.31,71.74499999999995,64.91999999999999
329,130.0,107.14285714285712,20.0,42.857142857142875,0.455,0.375,72.19999999999995,65.29499999999999
330,91.42857142857143,81.42857142857143,58.57142857142857,68.57142857142857,0.32,0.28500000000000003,72.51999999999994,65.57999999999998
331,131.42857142857142,85.71428571428571,18.571428571428584,64.28571428571429,0.45999999999999996,0.3,72.97999999999993,65.87999999999998
332,95.71428571428571,75.71428571428571,54.28571428571429,74.28571428571429,0.335,0.265,73.31499999999993,66.14499999999998
333,114.28571428571428,71.42857142857143,35.71428571428572,78.57142857142857,0.4,0.25,73.71499999999993,66.39499999999998
334,119.99999999999999,97.14285714285712,30.000000000000014,52.857142857142875,0.42,0.33999999999999997,74.13499999999993,66.73499999999999
335,121.42857142857143,97.14285714285712,28.57142857142857,52.857142857142875,0.42500000000000004,0.33999999999999997,74.55999999999993,67.07499999999999
336,111.42857142857142,55.71428571428571,38.571428571428584,94.28571428571429,0.38999999999999996,0.19499999999999998,74.94999999999993,67.26999999999998
337,132.85714285714283,79.99999999999999,17.142857142857167,70.00000000000001,0.46499999999999997,0.27999999999999997,75.41499999999994,67.54999999999998
338,138.57142857142856,91.42857142857143,11.428571428571445,58.57142857142857,0.485,0.32,75.89999999999993,67.86999999999998
339,125.71428571428571,64.28571428571428,24.285714285714292,85.71428571428572,0.44,0.22499999999999998,76.33999999999993,68.09499999999997
340,115.7142857142857,112.85714285714286,34.285714285714306,37.14285714285714,0.40499999999999997,0.395,76.74499999999993,68.48999999999997
341,134.28571428571428,88.57142857142856,15.714285714285722,61.428571428571445,0.47000000000000003,0.31,77.21499999999993,68.79999999999997
342,104.28571428571428,88.57142857142856,45.71428571428572,61.428571428571445,0.365,0.31,77.57999999999993,69.10999999999997
343,91.42857142857143,78.57142857142856,58.57142857142857,71.42857142857144,0.32,0.27499999999999997,77.89999999999992,69.38499999999998
344,139.99999999999997,85.71428571428571,10.000000000000028,64.28571428571429,0.49,0.3,78.38999999999992,69.68499999999997
345,125.71428571428571,54.28571428571428,24.285714285714292,95.71428571428572,0.44,0.19,78.82999999999991,69.87499999999997
346,139.99999999999997,108.57142857142856,10.000000000000028,41.428571428571445,0.49,0.38,79.31999999999991,70.25499999999997
347,118.57142857142856,91.42857142857143,31.428571428571445,58.57142857142857,0.415,0.32,79.73499999999991,70.57499999999996
348,112.85714285714286,69.99999999999999,37.14285714285714,80.00000000000001,0.395,0.245,80.12999999999991,70.81999999999996
349,122.85714285714285,91.42857142857143,27.142857142857153,58.57142857142857,0.43,0.32,80.55999999999992,71.13999999999996
350,130.0,89.99999999999999,20.0,60.000000000000014,0.455,0.315,81.01499999999992,71.45499999999996
351,110.0,94.28571428571428,40.0,55.71428571428572,0.385,0.33,81.39999999999992,71.78499999999995
352,114.28571428571428,87.14285714285714,35.71428571428572,62.85714285714286,0.4,0.305,81.79999999999993,72.08999999999996
353,122.85714285714285,82.85714285714285,27.142857142857153,67.14285714285715,0.43,0.29,82.22999999999993,72.37999999999997
354,111.42857142857142,68.57142857142856,38.571428571428584,81.42857142857144,0.38999999999999996,0.24,82.61999999999993,72.61999999999996
355,145.71428571428572,69.99999999999999,4.285714285714278,80.00000000000001,0.51,0.245,83.12999999999994,72.86499999999997
356,107.14285714285712,92.85714285714285,42.857142857142875,57.14285714285715,0.375,0.325,83.50499999999994,73.18999999999997
357,110.0,130.0,40.0,20.0,0.385,0.455,83.88999999999994,73.64499999999997
358,114.28571428571428,97.14285714285712,35.71428571428572,52.857142857142875,0.4,0.33999999999999997,84.28999999999995,73.98499999999997
359,107.14285714285712,101.42857142857143,42.857142857142875,48.57142857142857,0.375,0.35500000000000004,84.66499999999995,74.33999999999997
360,144.28571428571428,79.99999999999999,5.714285714285722,70.00000000000001,0.505,0.27999999999999997,85.16999999999994,74.61999999999998
361,98.57142857142856,55.71428571428571,51.428571428571445,94.28571428571429,0.345,0.19499999999999998,85.51499999999994,74.81499999999997
362,150.0,104.28571428571428,0.0,45.71428571428572,0.525,0.365,86.03999999999995,75.17999999999996
363,105.71428571428571,101.42857142857143,44.28571428571429,48.57142857142857,0.37,0.35500000000000004,86.40999999999995,75.53499999999997
364,119.99999999999999,69.99999999999999,30.000000000000014,80.00000000000001,0.42,0.245,86.82999999999996,75.77999999999997
365,119.99999999999999,61.42857142857142,30.000000000000014,88.57142857142858,0.42,0.215,87.24999999999996,75.99499999999998
366,104.28571428571428,89.99999999999999,45.71428571428572,60.000000000000014,0.365,0.315,87.61499999999995,76.30999999999997
367,105.71428571428571,88.57142857142856,44.28571428571429,61.428571428571445,0.37,0.31,87.98499999999996,76.61999999999998
368,87.14285714285714,119.99999999999999,62.85714285714286,30.000000000000014,0.305,0.42,88.28999999999996,77.03999999999998
369,111.42857142857142,114.28571428571428,38.571428571428584,35.71428571428572,0.38999999999999996,0.4,88.67999999999996,77.43999999999998
370,111.42857142857142,68.57142857142856,38.571428571428584,81.42857142857144,0.38999999999999996,0.24,89.06999999999996,77.67999999999998
371,102.85714285714285,71.42857142857143,47.14285714285715,78.57142857142857,0.36,0.25,89.42999999999996,77.92999999999998
372,112.85714285714286,59.99999999999999,37.14285714285714,90.0,0.395,0.21,89.82499999999996,78.13999999999997
373,82.85714285714285,67.14285714285714,67.14285714285715,82.85714285714286,0.29,0.23500000000000001,90.11499999999997,78.37499999999997
374,135.7142857142857,87.14285714285714,14.285714285714306,62.85714285714286,0.475,0.305,90.58999999999996,78.67999999999998
375,117.14285714285714,144.28571428571428,32.85714285714286,5.714285714285722,0.41000000000000003,0.505,90.99999999999996,79.18499999999997
376,101.42857142857143,84.28571428571428,48.57142857142857,65.71428571428572,0.35500000000000004,0.295,91.35499999999996,79.47999999999998
377,101.42857142857143,79.99999999999999,48.57142857142857,70.00000000000001,0.35500000000000004,0.27999999999999997,91.70999999999997,79.75999999999998
378,79.99999999999999,147.14285714285714,70.00000000000001,2.857142857142861,0.27999999999999997,0.515,91.98999999999997,80.27499999999998
379,104.28571428571428,85.71428571428571,45.71428571428572,64.28571428571429,0.365,0.3,92.35499999999996,80.57499999999997
380,67.14285714285714,75.71428571428571,82.85714285714286,74.28571428571429,0.23500000000000001,0.265,92.58999999999996,80.83999999999997
381,100.0,124.28571428571426,50.0,25.714285714285737,0.35000000000000003,0.43499999999999994,92.93999999999996,81.27499999999998
382,107.14285714285712,72.85714285714286,42.857142857142875,77.14285714285714,0.375,0.255,93.31499999999996,81.52999999999997
383,74.28571428571428,65.71428571428571,75.71428571428572,84.28571428571429,0.26,0.22999999999999998,93.57499999999996,81.75999999999998
384,87.14285714285714,131.42857142857142,62.85714285714286,18.571428571428584,0.305,0.45999999999999996,93.87999999999997,82.21999999999997
385,88.57142857142856,69.99999999999999,61.428571428571445,80.00000000000001,0.31,0.245,94.18999999999997,82.46499999999997
386,75.71428571428571,81.42857142857143,74.28571428571429,68.57142857142857,0.265,0.28500000000000003,94.45499999999997,82.74999999999997
387,68.57142857142856,94.28571428571428,81.42857142857144,55.71428571428572,0.24,0.33,94.69499999999996,83.07999999999997
388,75.71428571428571,94.28571428571428,74.28571428571429,55.71428571428572,0.265,0.33,94.95999999999997,83.40999999999997
389,79.99999999999999,81.42857142857143,70.00000000000001,68.57142857142857,0.27999999999999997,0.28500000000000003,95.23999999999997,83.69499999999996
390,85.71428571428571,72.85714285714286,64.28571428571429,77.14285714285714,0.3,0.255,95.53999999999996,83.94999999999996
391,55.71428571428571,117.14285714285714,94.28571428571429,32.85714285714286,0.19499999999999998,0.41000000000000003,95.73499999999996,84.35999999999996
392,54.28571428571428,79.99999999999999,95.71428571428572,70.00000000000001,0.19,0.27999999999999997,95.92499999999995,84.63999999999996
393,48.57142857142856,68.57142857142856,101.42857142857144,81.42857142857144,0.16999999999999998,0.24,96.09499999999996,84.87999999999995
394,51.42857142857142,105.71428571428571,98.57142857142858,44.28571428571429,0.18,0.37,96.27499999999996,85.24999999999996
395,58.57142857142857,97.14285714285712,91.42857142857143,52.857142857142875,0.20500000000000002,0.33999999999999997,96.47999999999996,85.58999999999996
396,59.99999999999999,77.14285714285714,90.0,72.85714285714286,0.21,0.27,96.68999999999996,85.85999999999996
397,51.42857142857142,101.42857142857143,98.57142857142858,48.57142857142857,0.18,0.35500000000000004,96.86999999999996,86.21499999999996
398,47.14285714285714,107.14285714285712,102.85714285714286,42.857142857142875,0.165,0.375,97.03499999999997,86.58999999999996
399,68.57142857142856,65.71428571428571,81.42857142857144,84.28571428571429,0.24,0.22999999999999998,97.27499999999996,86.81999999999996
400,39.99999999999999,69.99999999999999,110.0,80.00000000000001,0.13999999999999999,0.245,97.41499999999996,87.06499999999997
401,28.57142857142857,77.14285714285714,121.42857142857143,72.85714285714286,0.1,0.27,97.51499999999996,87.33499999999997
402,39.99999999999999,75.71428571428571,110.0,74.28571428571429,0.13999999999999999,0.265,97.65499999999996,87.59999999999997
403,35.714285714285715,79.99999999999999,114.28571428571428,70.00000000000001,0.125,0.27999999999999997,97.77999999999996,87.87999999999997
404,28.57142857142857,72.85714285714286,121.42857142857143,77.14285714285714,0.1,0.255,97.87999999999995,88.13499999999996
405,39.99999999999999,57.14285714285714,110.0,92.85714285714286,0.13999999999999999,0.2,98.01999999999995,88.33499999999997
406,37.14285714285714,115.7142857142857,112.85714285714286,34.285714285714306,0.13,0.40499999999999997,98.14999999999995,88.73999999999997
407,34.28571428571428,102.85714285714285,115.71428571428572,47.14285714285715,0.12,0.36,98.26999999999995,89.09999999999997
408,42.857142857142854,59.99999999999999,107.14285714285714,90.0,0.15,0.21,98.41999999999996,89.30999999999996
409,29.999999999999996,74.28571428571428,120.0,75.71428571428572,0.105,0.26,98.52499999999996,89.56999999999996
410,17.14285714285714,65.71428571428571,132.85714285714286,84.28571428571429,0.06,0.22999999999999998,98.58499999999997,89.79999999999997
411,24.28571428571428,79.99999999999999,125.71428571428572,70.00000000000001,0.08499999999999999,0.27999999999999997,98.66999999999996,90.07999999999997
412,35.714285714285715,79.99999999999999,114.28571428571428,70.00000000000001,0.125,0.27999999999999997,98.79499999999996,90.35999999999997
413,17.14285714285714,148.57142857142856,132.85714285714286,1.4285714285714448,0.06,0.52,98.85499999999996,90.87999999999997
414,18.57142857142857,69.99999999999999,131.42857142857144,80.00000000000001,0.065,0.245,98.91999999999996,91.12499999999997
415,28.57142857142857,84.28571428571428,121.42857142857143,65.71428571428572,0.1,0.295,99.01999999999995,91.41999999999997
416,19.999999999999996,128.57142857142856,130.0,21.428571428571445,0.06999999999999999,0.44999999999999996,99.08999999999995,91.86999999999998
417,7.142857142857142,61.42857142857142,142.85714285714286,88.57142857142858,0.025,0.215,99.11499999999995,92.08499999999998
418,24.28571428571428,51.42857142857142,125.71428571428572,98.57142857142858,0.08499999999999999,0.18,99.19999999999995,92.26499999999999
419,21.428571428571427,77.14285714285714,128.57142857142858,72.85714285714286,0.075,0.27,99.27499999999995,92.53499999999998
420,8.57142857142857,59.99999999999999,141.42857142857144,90.0,0.03,0.21,99.30499999999995,92.74499999999998
421,7.142857142857142,55.71428571428571,142.85714285714286,94.28571428571429,0.025,0.19499999999999998,99.32999999999996,92.93999999999997
422,19.999999999999996,145.71428571428572,130.0,4.285714285714278,0.06999999999999999,0.51,99.39999999999995,93.44999999999997
423,8.57142857142857,77.14285714285714,141.42857142857144,72.85714285714286,0.03,0.27,99.42999999999995,93.71999999999997
424,11.428571428571429,82.85714285714285,138.57142857142858,67.14285714285715,0.04,0.29,99.46999999999996,94.00999999999998
425,5.714285714285714,107.14285714285712,144.28571428571428,42.857142857142875,0.02,0.375,99.48999999999995,94.38499999999998
426,14.285714285714285,78.57142857142856,135.71428571428572,71.42857142857144,0.05,0.27499999999999997,99.53999999999995,94.65999999999998
427,9.999999999999998,78.57142857142856,140.0,71.42857142857144,0.034999999999999996,0.27499999999999997,99.57499999999995,94.93499999999999
428,5.714285714285714,110.0,144.28571428571428,40.0,0.02,0.385,99.59499999999994,95.32
429,12.857142857142856,54.28571428571428,137.14285714285714,95.71428571428572,0.045,0.19,99.63999999999994,95.50999999999999
430,11.428571428571429,84.28571428571428,138.57142857142858,65.71428571428572,0.04,0.295,99.67999999999995,95.80499999999999
431,7.142857142857142,89.99999999999999,142.85714285714286,60.000000000000014,0.025,0.315,99.70499999999996,96.11999999999999
432,9.999999999999998,68.57142857142856,140.0,81.42857142857144,0.034999999999999996,0.24,99.73999999999995,96.35999999999999
433,4.285714285714285,87.14285714285714,145.71428571428572,62.85714285714286,0.015,0.305,99.75499999999995,96.66499999999999
434,0.0,61.42857142857142,150.0,88.57142857142858,0.0,0.215,99.75499999999995,96.88
435,1.4285714285714286,65.71428571428571,148.57142857142858,84.28571428571429,0.005,0.22999999999999998,99.75999999999995,97.11
436,5.714285714285714,79.99999999999999,144.28571428571428,70.00000000000001,0.02,0.27999999999999997,99.77999999999994,97.39
437,7.142857142857142,61.42857142857142,142.85714285714286,88.57142857142858,0.025,0.215,99.80499999999995,97.605
438,7.142857142857142,42.857142857142854,142.85714285714286,107.14285714285714,0.025,0.15,99.82999999999996,97.75500000000001
439,4.285714285714285,45.714285714285715,145.71428571428572,104.28571428571428,0.015,0.16,99.84499999999996,97.915
440,2.857142857142857,45.714285714285715,147.14285714285714,104.28571428571428,0.01,0.16,99.85499999999996,98.075
441,1.4285714285714286,58.57142857142857,148.57142857142858,91.42857142857143,0.005,0.20500000000000002,99.85999999999996,98.28
442,2.857142857142857,45.714285714285715,147.14285714285714,104.28571428571428,0.01,0.16,99.86999999999996,98.44
443,0.0,35.714285714285715,150.0,114.28571428571428,0.0,0.125,99.86999999999996,98.565
444,4.285714285714285,28.57142857142857,145.71428571428572,121.42857142857143,0.015,0.1,99.88499999999996,98.66499999999999
445,5.714285714285714,35.714285714285715,144.28571428571428,114.28571428571428,0.02,0.125,99.90499999999996,98.78999999999999
446,1.4285714285714286,52.857142857142854,148.57142857142858,97.14285714285714,0.005,0.185,99.90999999999995,98.975
447,1.4285714285714286,32.857142857142854,148.57142857142858,117.14285714285714,0.005,0.11499999999999999,99.91499999999995,99.08999999999999
448,2.857142857142857,32.857142857142854,147.14285714285714,117.14285714285714,0.01,0.11499999999999999,99.92499999999995,99.20499999999998
449,0.0,27.14285714285714,150.0,122.85714285714286,0.0,0.095,99.92499999999995,99.29999999999998
450,2.857142857142857,25.71428571428571,147.14285714285714,124.28571428571429,0.01,0.09,99.93499999999996,99.38999999999999
451,1.4285714285714286,15.714285714285714,148.57142857142858,134.28571428571428,0.005,0.055,99.93999999999996,99.445
452,1.4285714285714286,18.57142857142857,148.57142857142858,131.42857142857144,0.005,0.065,99.94499999999995,99.50999999999999
453,4.285714285714285,11.428571428571429,145.71428571428572,138.57142857142858,0.015,0.04,99.95999999999995,99.55
454,1.4285714285714286,17.14285714285714,148.57142857142858,132.85714285714286,0.005,0.06,99.96499999999995,99.61
455,1.4285714285714286,22.857142857142858,148.57142857142858,127.14285714285714,0.005,0.08,99.96999999999994,99.69
456,0.0,17.14285714285714,150.0,132.85714285714286,0.0,0.06,99.96999999999994,99.75
457,1.4285714285714286,9.999999999999998,148.57142857142858,140.0,0.005,0.034999999999999996,99.97499999999994,99.785
458,0.0,14.285714285714285,150.0,135.71428571428572,0.0,0.05,99.97499999999994,99.835
459,0.0,8.57142857142857,150.0,141.42857142857144,0.0,0.03,99.97499999999994,99.865
460,0.0,4.285714285714285,150.0,145.71428571428572,0.0,0.015,99.97499999999994,99.88
461,0.0,5.714285714285714,150.0,144.28571428571428,0.0,0.02,99.97499999999994,99.89999999999999
462,0.0,5.714285714285714,150.0,144.28571428571428,0.0,0.02,99.97499999999994,99.91999999999999
463,1.4285714285714286,1.4285714285714286,148.57142857142858,148.57142857142858,0.005,0.005,99.97999999999993,99.92499999999998
464,1.4285714285714286,4.285714285714285,148.57142857142858,145.71428571428572,0.005,0.015,99.98499999999993,99.93999999999998
465,0.0,1.4285714285714286,150.0,148.57142857142858,0.0,0.005,99.98499999999993,99.94499999999998
466,0.0,1.4285714285714286,150.0,148.57142857142858,0.0,0.005,99.98499999999993,99.94999999999997
467,0.0,0.0,150.0,150.0,0.0,0.0,99.98499999999993,99.94999999999997
468,0.0,2.857142857142857,150.0,147.14285714285714,0.0,0.01,99.98499999999993,99.95999999999998
469,0.0,4.285714285714285,150.0,145.71428571428572,0.0,0.015,99.98499999999993,99.97499999999998
470,0.0,1.4285714285714286,150.0,148.57142857142858,0.0,0.005,99.98499999999993,99.97999999999998
471,0.0,0.0,150.0,150.0,0.0,0.0,99.98499999999993,99.97999999999998
472,0.0,0.0,150.0,150.0,0.0,0.0,99.98499999999993,99.97999999999998
473,1.4285714285714286,1.4285714285714286,148.57142857142858,148.57142857142858,0.005,0.005,99.98999999999992,99.98499999999997
474,0.0,0.0,150.0,150.0,0.0,0.0,99.98999999999992,99.98499999999997
475,0.0,1.4285714285714286,150.0,148.57142857142858,0.0,0.005,99.98999999999992,99.98999999999997
476,0.0,1.4285714285714286,150.0,148.57142857142858,0.0,0.005,99.98999999999992,99.99499999999996
477,0.0,0.0,150.0,150.0,0.0,0.0,99.98999999999992,99.99499999999996
478,0.0,0.0,150.0,150.0,0.0,0.0,99.98999999999992,99.99499999999996
479,1.4285714285714286,0.0,148.57142857142858,150.0,0.005,0.0,99.99499999999992,99.99499999999996
480,1.4285714285714286,1.4285714285714286,148.57142857142858,148.57142857142858,0.005,0.005,99.99999999999991,99.99999999999996
481,0.0,0.0,150.0,150.0,0.0,0.0,99.99999999999991,99.99999999999996
482,0.0,0.0,150.0,150.0,0.0,0.0,99.99999999999991,99.99999999999996
483,0.0,0.0,150.0,150.0,0.0,0.0,99.99999999999991,99.99999999999996
484,0.0,0.0,150.0,150.0,0.0,0.0,99.99999999999991,99.99999999999996
485,0.0,0.0,150.0,150.0,0.0,0.0,99.99999999999991,99.99999999999996
486,0.0,0.0,150.0,150.0,0.0,0.0,99.99999999999991,99.99999999999996
487,0.0,0.0,150.0,150.0,0.0,0.0,99.99999999999991,99.99999999999996
488,0.0,0.0,150.0,150.0,0.0,0.0,99.99999999999991,99.99999999999996
489,0.0,0.0,150.0,150.0,0.0,0.0,99.99999999999991,99.99999999999996
490,0.0,0.0,150.0,150.0,0.0,0.0,99.99999999999991,99.99999999999996
491,0.0,0.0,150.0,150.0,0.0,0.0,99.99999999999991,99.99999999999996
492,0.0,0.0,150.0,150.0,0.0,0.0,99.99999999999991,99.99999999999996
493,0.0,0.0,150.0,150.0,0.0,0.0,99.99999999999991,99.99999999999996
494,0.0,0.0,150.0,150.0,0.0,0.0,99.99999999999991,99.99999999999996
495,0.0,0.0,150.0,150.0,0.0,0.0,99.99999999999991,99.99999999999996
496,0.0,0.0,150.0,150.0,0.0,0.0,99.99999999999991,99.99999999999996
497,0.0,0.0,150.0,150.0,0.0,0.0,99.99999999999991,99.99999999999996
498,0.0,0.0,150.0,150.0,0.0,0.0,99.99999999999991,99.99999999999996
499,0.0,0.0,150.0,150.0,0.0,0.0,99.99999999999991,99.99999999999996
500,0.0,0.0,150.0,150.0,0.0,0.0,99.99999999999991,99.99999999999996
501,0.0,0.0,150.0,150.0,0.0,0.0,99.99999999999991,99.99999999999996
502,0.0,0.0,150.0,150.0,0.0,0.0,99.99999999999991,99.99999999999996
503,0.0,0.0,150.0,150.0,0.0,0.0,99.99999999999991,99.99999999999996
504,0.0,0.0,150.0,150.0,0.0,0.0,99.99999999999991,99.99999999999996
505,0.0,0.0,150.0,150.0,0.0,0.0,99.99999999999991,99.99999999999996
506,0.0,0.0,150.0,150.0,0.0,0.0,99.99999999999991,99.99999999999996
507,0.0,0.0,150.0,150.0,0.0,0.0,99.99999999999991,99.99999999999996
508,0.0,0.0,150.0,150.0,0.0,0.0,99.99999999999991,99.99999999999996
509,0.0,0.0,150.0,150.0,0.0,0.0,99.99999999999991,99.99999999999996
510,0.0,0.0,150.0,150.0,0.0,0.0,99.99999999999991,99.99999999999996
511,0.0,0.0,150.0,150.0,0.0,0.0,99.99999999999991,99.99999999999996
512,0.0,0.0,150.0,150.0,0.0,0.0,99.99999999999991,99.99999999999996
513,0.0,0.0,150.0,150.0,0.0,0.0,99.99999999999991,99.99999999999996
514,0.0,0.0,150.0,150.0,0.0,0.0,99.99999999999991,99.99999999999996
515,0.0,0.0,150.0,150.0,0.0,0.0,99.99999999999991,99.99999999999996
516,0.0,0.0,150.0,150.0,0.0,0.0,99.99999999999991,99.99999999999996
517,0.0,0.0,150.0,150.0,0.0,0.0,99.99999999999991,99.99999999999996
518,0.0,0.0,150.0,150.0,0.0,0.0,99.99999999999991,99.99999999999996
519,0.0,0.0,150.0,150.0,0.0,0.0,99.99999999999991,99.99999999999996
520,0.0,0.0,150.0,150.0,0.0,0.0,99.99999999999991,99.99999999999996
521,0.0,0.0,150.0,150.0,0.0,0.0,99.99999999999991,99.99999999999996
522,0.0,0.0,150.0,150.0,0.0,0.0,99.99999999999991,99.99999999999996
523,0.0,0.0,150.0,150.0,0.0,0.0,99.99999999999991,99.99999999999996
524,0.0,0.0,150.0,150.0,0.0,0.0,99.99999999999991,99.99999999999996
525,0.0,0.0,150.0,150.0,0.0,0.0,99.99999999999991,99.99999999999996
526,0.0,0.0,150.0,150.0,0.0,0.0,99.99999999999991,99.99999999999996
527,0.0,0.0,150.0,150.0,0.0,0.0,99.99999999999991,99.99999999999996
528,0.0,0.0,150.0,150.0,0.0,0.0,99.99999999999991,99.99999999999996
529,0.0,0.0,150.0,150.0,0.0,0.0,99.99999999999991,99.99999999999996
530,0.0,0.0,150.0,150.0,0.0,0.0,99.99999999999991,99.99999999999996
531,0.0,0.0,150.0,150.0,0.0,0.0,99.99999999999991,99.99999999999996
532,0.0,0.0,150.0,150.0,0.0,0.0,99.99999999999991,99.99999999999996
533,0.0,0.0,150.0,150.0,0.0,0.0,99.99999999999991,99.99999999999996
534,0.0,0.0,150.0,150.0,0.0,0.0,99.99999999999991,99.99999999999996
535,0.0,0.0,150.0,150.0,0.0,0.0,99.99999999999991,99.99999999999996
536,0.0,0.0,150.0,150.0,0.0,0.0,99.99999999999991,99.99999999999996
537,0.0,0.0,150.0,150.0,0.0,0.0,99.99999999999991,99.99999999999996
538,0.0,0.0,150.0,150.0,0.0,0.0,99.99999999999991,99.99999999999996
